{
  "mlp_metrics": {
    "accuracy": 0.5217666666666667,
    "macro_f1": 0.5208197591464353,
    "weighted_f1": 0.5228349907930465,
    "macro_precision": 0.5220370116491752,
    "macro_recall": 0.5222353110702109,
    "classification_report": "              precision    recall  f1-score   support\n\n           0       0.57      0.52      0.54    164191\n           1       0.47      0.53      0.50    135809\n\n    accuracy                           0.52    300000\n   macro avg       0.52      0.52      0.52    300000\nweighted avg       0.53      0.52      0.52    300000\n"
  },
  "cnn_metrics": {
    "accuracy": 0.5260233333333333,
    "macro_f1": 0.5233572108724012,
    "weighted_f1": 0.5267297601297073,
    "macro_precision": 0.5234939116060633,
    "macro_recall": 0.5236344497061239,
    "classification_report": "              precision    recall  f1-score   support\n\n           0       0.57      0.55      0.56    164191\n           1       0.48      0.50      0.49    135809\n\n    accuracy                           0.53    300000\n   macro avg       0.52      0.52      0.52    300000\nweighted avg       0.53      0.53      0.53    300000\n"
  },
  "mlp_auc": 0.530158347989228,
  "cnn_auc": 0.5328580886053529,
  "class_weights": {
    "0": 0.9135707277321703,
    "1": 1.1044915252365268
  },
  "timestamp": "2025-11-21T08:47:47.765365"
}